Amir, 12000, Rolex, 2022-04-21, 11:31, 0
Amir, 41000, Hospital Bill, 2022-04-21, 11:31, 0
Amir, 19000, RangeRover, 2022-04-21, 11:31, 0
Amir, 12000, Rolex, 2029-04-20, 11:34, 0
Amir, 41000, Hospital Bill, 2040-04-20, 11:34, 0
Amir, 19000, RangeRover, 2031-04-21, 11:34, 0
Amir, 12000, Rolex, 2029-04-20, 11:50, 0
Amir, 41000, Hospital Bill, 2040-04-20, 11:50, 0
Amir, 19000, RangeRover, 2031-04-21, 11:50, 0
Amir, 12000, Rolex, 2029-04-20, 12:42, 0
Amir, 41000, Hospital Bill, 2040-04-20, 12:42, 0
Amir, 19000, RangeRover, 2031-04-21, 12:42, 0
Amir, 12000, Rolex, 2029-04-20, 12:42, 0
Amir, 41000, Hospital Bill, 2040-04-20, 12:42, 0
Amir, 19000, RangeRover, 2031-04-21, 12:42, 0
Amir, 12000, Rolex, 2029-04-20, 12:43, 0
Amir, 41000, Hospital Bill, 2040-04-20, 12:43, 0
Amir, 19000, RangeRover, 2031-04-21, 12:43, 0
Amir, 12000, Rolex, 2029-04-20, 12:43, 0
Amir, 41000, Hospital Bill, 2040-04-20, 12:43, 0
Amir, 19000, RangeRover, 2031-04-21, 12:43, 0
Amir, 12000, Rolex, 2029-04-20, 12:43, 0
Amir, 41000, Hospital Bill, 2040-04-20, 12:43, 0
Amir, 19000, RangeRover, 2031-04-21, 12:43, 0
Amir, 12000, Rolex, 2029-04-20, 12:44, 0
Amir, 41000, Hospital Bill, 2040-04-20, 12:44, 0
Amir, 19000, RangeRover, 2031-04-21, 12:44, 0
Amir, 12000, Rolex, 2029-04-20, 12:44, 0
Amir, 41000, Hospital Bill, 2040-04-20, 12:44, 0
Amir, 19000, RangeRover, 2031-04-21, 12:44, 0
Amir, 12000, Rolex, 2029-04-20, 12:44, 0
Amir, 41000, Hospital Bill, 2040-04-20, 12:44, 0
Amir, 19000, RangeRover, 2031-04-21, 12:44, 0
Amir, 12000, Rolex, 2029-04-20, 12:48, 0
Amir, 41000, Hospital Bill, 2040-04-20, 12:48, 0
Amir, 19000, RangeRover, 2031-04-21, 12:48, 0
Amir, 12000, Rolex, 2029-04-20, 12:49, 0
Amir, 41000, Hospital Bill, 2040-04-20, 12:49, 0
Amir, 19000, RangeRover, 2031-04-21, 12:49, 0
Amir, 12000, Rolex, 2029-04-20, 12:50, 0
Amir, 41000, Hospital Bill, 2040-04-20, 12:50, 0
Amir, 19000, RangeRover, 2031-04-21, 12:50, 0
Amir, 12000, Rolex, 2029-04-20, 12:52, 0
Amir, 41000, Hospital Bill, 2040-04-20, 12:52, 0
Amir, 19000, RangeRover, 2031-04-21, 12:52, 0
Amir, 12000, Rolex, 2029-04-20, 12:52, 0
Amir, 41000, Hospital Bill, 2040-04-20, 12:52, 0
Amir, 19000, RangeRover, 2031-04-21, 12:52, 0
Amir, 12000, Rolex, 2029-04-20, 12:53, 0
Amir, 41000, Hospital Bill, 2040-04-20, 12:53, 0
Amir, 19000, RangeRover, 2031-04-21, 12:53, 0
Amir, 12000, Rolex, 2029-04-20, 12:53, 0
Amir, 41000, Hospital Bill, 2040-04-20, 12:53, 0
Amir, 19000, RangeRover, 2031-04-21, 12:53, 0
Amir, 12000, Rolex, 2029-04-20, 12:53, 0
Amir, 41000, Hospital Bill, 2040-04-20, 12:53, 0
Amir, 19000, RangeRover, 2031-04-21, 12:53, 0
Amir, 12000, Rolex, 2029-04-20, 12:54, 0
Amir, 41000, Hospital Bill, 2040-04-20, 12:54, 0
Amir, 19000, RangeRover, 2031-04-21, 12:54, 0
Amir, 12000, Rolex, 2029-04-20, 13:17, 0
Amir, 41000, Hospital Bill, 2040-04-20, 13:17, 0
Amir, 19000, RangeRover, 2031-04-21, 13:17, 0
