Baran, 8000, pay list, false, 2021-04-01, 11:31, 1 
Amir, 5000, pay sth, false, 2022-03-25, 11:31, 0 
Baran, 8000, pay list, false, 2023-11-26, 11:34, 1 
Amir, 5000, pay sth, false, 2051-05-22, 11:34, 0 
Baran, 8000, pay list, false, 2023-11-26, 11:50, 1 
Amir, 5000, pay sth, false, 2051-05-22, 11:50, 0 
Baran, 8000, pay list, false, 2023-11-26, 12:42, 1 
Amir, 5000, pay sth, false, 2051-05-22, 12:42, 0 
Baran, 8000, pay list, false, 2023-11-26, 12:42, 1 
Amir, 5000, pay sth, false, 2051-05-22, 12:42, 0 
Baran, 8000, pay list, false, 2023-11-26, 12:43, 1 
Amir, 5000, pay sth, false, 2051-05-22, 12:43, 0 
Baran, 8000, pay list, false, 2023-11-26, 12:43, 1 
Amir, 5000, pay sth, false, 2051-05-22, 12:43, 0 
Baran, 8000, pay list, false, 2023-11-26, 12:43, 1 
Amir, 5000, pay sth, false, 2051-05-22, 12:43, 0 
Baran, 8000, pay list, false, 2023-11-26, 12:44, 1 
Amir, 5000, pay sth, false, 2051-05-22, 12:44, 0 
Baran, 8000, pay list, false, 2023-11-26, 12:44, 1 
Amir, 5000, pay sth, false, 2051-05-22, 12:44, 0 
Baran, 8000, pay list, false, 2023-11-26, 12:44, 1 
Amir, 5000, pay sth, false, 2051-05-22, 12:44, 0 
Baran, 8000, pay list, false, 2023-11-26, 12:48, 1 
Amir, 5000, pay sth, false, 2051-05-22, 12:48, 0 
Baran, 8000, pay list, false, 2023-11-26, 12:49, 1 
Amir, 5000, pay sth, false, 2051-05-22, 12:49, 0 
Baran, 8000, pay list, false, 2023-11-26, 12:50, 1 
Amir, 5000, pay sth, false, 2051-05-22, 12:50, 0 
Baran, 8000, pay list, false, 2023-11-26, 12:52, 1 
Amir, 5000, pay sth, false, 2051-05-22, 12:52, 0 
Baran, 8000, pay list, false, 2023-11-26, 12:52, 1 
Amir, 5000, pay sth, false, 2051-05-22, 12:52, 0 
Baran, 8000, pay list, false, 2023-11-26, 12:53, 1 
Amir, 5000, pay sth, false, 2051-05-22, 12:53, 0 
Baran, 8000, pay list, false, 2023-11-26, 12:53, 1 
Amir, 5000, pay sth, false, 2051-05-22, 12:53, 0 
Baran, 8000, pay list, false, 2023-11-26, 12:53, 1 
Amir, 5000, pay sth, false, 2051-05-22, 12:53, 0 
Baran, 8000, pay list, false, 2023-11-26, 12:54, 1 
Amir, 5000, pay sth, false, 2051-05-22, 12:54, 0 
Baran, 8000, pay list, false, 2023-11-26, 13:17, 1 
Amir, 5000, pay sth, false, 2051-05-22, 13:17, 0 
