Amir , 123, Costumer, Tehran, 9031134516, email@gmail.com, 0
Baran , 123223, Costumer, Tehran, 9031134513126, email@gmail.com, 1
Amir , 123, Costumer, Tehran, 9031134516, email@gmail.com, 0
Baran , 123223, Costumer, Tehran, 9031134513126, email@gmail.com, 1
Amir , 123, Costumer, Tehran, 9031134516, email@gmail.com, 0
Baran , 123223, Costumer, Tehran, 9031134513126, email@gmail.com, 1
Amir , 123, Costumer, Tehran, 9031134516, email@gmail.com, 0
Baran , 123223, Costumer, Tehran, 9031134513126, email@gmail.com, 1
Amir , 123, Costumer, Tehran, 9031134516, email@gmail.com, 0
Baran , 123223, Costumer, Tehran, 9031134513126, email@gmail.com, 1
Amir , 123, Costumer, Tehran, 9031134516, email@gmail.com, 0
Baran , 123223, Costumer, Tehran, 9031134513126, email@gmail.com, 1
Amir , 123, Costumer, Tehran, 9031134516, email@gmail.com, 0
Baran , 123223, Costumer, Tehran, 9031134513126, email@gmail.com, 1
Amir , 123, Costumer, Tehran, 9031134516, email@gmail.com, 0
Baran , 123223, Costumer, Tehran, 9031134513126, email@gmail.com, 1
Amir , 123, Costumer, Tehran, 9031134516, email@gmail.com, 0
Baran , 123223, Costumer, Tehran, 9031134513126, email@gmail.com, 1
Amir , 123, Costumer, Tehran, 9031134516, email@gmail.com, 0
Baran , 123223, Costumer, Tehran, 9031134513126, email@gmail.com, 1
Amir , 123, Costumer, Tehran, 9031134516, email@gmail.com, 0
Baran , 123223, Costumer, Tehran, 9031134513126, email@gmail.com, 1
Amir , 123, Costumer, Tehran, 9031134516, email@gmail.com, 0
Baran , 123223, Costumer, Tehran, 9031134513126, email@gmail.com, 1
Amir , 123, Costumer, Tehran, 9031134516, email@gmail.com, 0
Baran , 123223, Costumer, Tehran, 9031134513126, email@gmail.com, 1
Amir , 123, Costumer, Tehran, 9031134516, email@gmail.com, 0
Baran , 123223, Costumer, Tehran, 9031134513126, email@gmail.com, 1
Amir , 123, Costumer, Tehran, 9031134516, email@gmail.com, 0
Baran , 123223, Costumer, Tehran, 9031134513126, email@gmail.com, 1
Amir , 123, Costumer, Tehran, 9031134516, email@gmail.com, 0
Baran , 123223, Costumer, Tehran, 9031134513126, email@gmail.com, 1
Amir , 123, Costumer, Tehran, 9031134516, email@gmail.com, 0
Baran , 123223, Costumer, Tehran, 9031134513126, email@gmail.com, 1
Amir , 123, Costumer, Tehran, 9031134516, email@gmail.com, 0
Baran , 123223, Costumer, Tehran, 9031134513126, email@gmail.com, 1
Amir , 123, Costumer, Tehran, 9031134516, email@gmail.com, 0
Baran , 123223, Costumer, Tehran, 9031134513126, email@gmail.com, 1
Amir , 123, Costumer, Tehran, 9031134516, email@gmail.com, 0
Baran , 123223, Costumer, Tehran, 9031134513126, email@gmail.com, 1
Amir , 123, Costumer, Tehran, 9031134516, email@gmail.com, 0
Baran , 123223, Costumer, Tehran, 9031134513126, email@gmail.com, 1
Amir , 123, Costumer, Tehran, 9031134516, email@gmail.com, 0
Baran , 123223, Costumer, Tehran, 9031134513126, email@gmail.com, 1
Amir , 123, Costumer, Tehran, 9031134516, email@gmail.com, 0
Baran , 123223, Costumer, Tehran, 9031134513126, email@gmail.com, 1
Amir , 123, Costumer, Tehran, 9031134516, email@gmail.com, 0
Baran , 123223, Costumer, Tehran, 9031134513126, email@gmail.com, 1
Amir , 123, Costumer, Tehran, 9031134516, email@gmail.com, 0
Baran , 123223, Costumer, Tehran, 9031134513126, email@gmail.com, 1
Amir , 123, Costumer, Tehran, 9031134516, email@gmail.com, 0
Baran , 123223, Costumer, Tehran, 9031134513126, email@gmail.com, 1
Amir , 123, Costumer, Tehran, 9031134516, email@gmail.com, 0
Baran , 123223, Costumer, Tehran, 9031134513126, email@gmail.com, 1
Amir , 123, Costumer, Tehran, 9031134516, email@gmail.com, 0
Baran , 123223, Costumer, Tehran, 9031134513126, email@gmail.com, 1
Amir , 123, Costumer, Tehran, 9031134516, email@gmail.com, 0
Baran , 123223, Costumer, Tehran, 9031134513126, email@gmail.com, 1
Amir , 123, Costumer, Tehran, 9031134516, email@gmail.com, 0
Baran , 123223, Costumer, Tehran, 9031134513126, email@gmail.com, 1
Amir , 123, Costumer, Tehran, 9031134516, email@gmail.com, 0
Baran , 123223, Costumer, Tehran, 9031134513126, email@gmail.com, 1
Amir , 123, Costumer, Tehran, 9031134516, email@gmail.com, 0
Baran , 123223, Costumer, Tehran, 9031134513126, email@gmail.com, 1
Amir , 123, Costumer, Tehran, 9031134516, email@gmail.com, 0
Baran , 123223, Costumer, Tehran, 9031134513126, email@gmail.com, 1
Amir , 123, Costumer, Tehran, 9031134516, email@gmail.com, 0
Baran , 123223, Costumer, Tehran, 9031134513126, email@gmail.com, 1
