David, 1000, pay rent, true, 1401/5/20, 17:11, 0 
HASSAN, 3000, pay due, false, 1401/5/20, 17:11, 1 
David, 1000, pay rent, true, 1401/5/20, 17:23, 0 
HASSAN, 3000, pay due, false, 1401/5/20, 17:23, 1 
David, 1000, pay rent, true, 1401/5/20, 17:24, 0 
HASSAN, 3000, pay due, false, 1401/5/20, 17:24, 1 
David, 1000, pay rent, true, 1401/5/20, 17:24, 0 
HASSAN, 3000, pay due, false, 1401/5/20, 17:24, 1 
David, 1000, pay rent, true, 1401/5/20, 17:24, 0 
HASSAN, 3000, pay due, false, 1401/5/20, 17:24, 1 
David, 1000, pay rent, true, 1401/5/20, 17:24, 0 
HASSAN, 3000, pay due, false, 1401/5/20, 17:24, 1 
David, 1000, pay rent, true, 1401/5/20, 18:01, 0 
HASSAN, 3000, pay due, false, 1401/5/20, 18:01, 1 
David, 1000, pay rent, true, 1401/5/20, 18:02, 0 
HASSAN, 3000, pay due, false, 1401/5/20, 18:02, 1 
David, 1000, pay rent, true, 1401/5/20, 18:05, 0 
HASSAN, 3000, pay due, false, 1401/5/20, 18:05, 1 
David, 1000, pay rent, true, 1401/5/20, 18:05, 0 
HASSAN, 3000, pay due, false, 1401/5/20, 18:05, 1 
