amir , 123, Employee, tehran, 09034948371, eramabadiamir@nizek.com, helloApp, 0
baran , 2344, COSTUMER, SOHANAK, 090908877, baran@gmail.com, 123, 1
amir , 123, Employee, tehran, 09034948371, eramabadiamir@nizek.com, helloApp, 0
baran , 2344, COSTUMER, SOHANAK, 090908877, baran@gmail.com, 123, 1
amir , 123, Employee, tehran, 09034948371, eramabadiamir@nizek.com, helloApp, 0
baran , 2344, COSTUMER, SOHANAK, 090908877, baran@gmail.com, 123, 1
amir , 123, Employee, tehran, 09034948371, eramabadiamir@nizek.com, helloApp, 0
baran , 2344, COSTUMER, SOHANAK, 090908877, baran@gmail.com, 123, 1
amir , 123, Employee, tehran, 09034948371, eramabadiamir@nizek.com, helloApp, 0
baran , 2344, COSTUMER, SOHANAK, 090908877, baran@gmail.com, 123, 1
amir , 123, Employee, tehran, 09034948371, eramabadiamir@nizek.com, helloApp, 0
baran , 2344, COSTUMER, SOHANAK, 090908877, baran@gmail.com, 123, 1
amir , 123, Employee, tehran, 09034948371, eramabadiamir@nizek.com, helloApp, 0
baran , 2344, COSTUMER, SOHANAK, 090908877, baran@gmail.com, 123, 1
amir , 123, Employee, tehran, 09034948371, eramabadiamir@nizek.com, helloApp, 0
baran , 2344, COSTUMER, SOHANAK, 090908877, baran@gmail.com, 123, 1
amir , 123, Employee, tehran, 09034948371, eramabadiamir@nizek.com, helloApp, 0
baran , 2344, COSTUMER, SOHANAK, 090908877, baran@gmail.com, 123, 1
amir , 123, Employee, tehran, 09034948371, eramabadiamir@nizek.com, helloApp, 0
baran , 2344, COSTUMER, SOHANAK, 090908877, baran@gmail.com, 123, 1
amir , 123, Employee, tehran, 09034948371, eramabadiamir@nizek.com, helloApp, 0
baran , 2344, COSTUMER, SOHANAK, 090908877, baran@gmail.com, 123, 1
